name,urn,country,products,brandname
Ausfield International Ltd,1X0B3P0X,Hong Kong,,
Auto Extra Shop,1X09JTD8,Hong Kong,,
Auto Italia Holdings Limited,1X09KCGK,Hong Kong,,
Autobahn88 Group Limited,1X070CCO,Hong Kong,,
B. Marlboros International (HK) Limited,1X0BBAUC,Hong Kong,,
Betrue Limited,1X0AT1R6,Hong Kong,,
Beyond Music Industrial Limited,1X03RE6O,Hong Kong,,
Billion Act Limited,1X03KAMK,Hong Kong,,
Champion Well (Group) Trading Ltd,1X030CT7,Hong Kong,,
Chi Wai Company,1X03LI6C,Hong Kong,,
Chong Shing International Trading Company,1X0AMAES,Hong Kong,,
Chun Ho Auto Parts & Accessories Co,1X09L2BJ,Hong Kong,,
Clarion (HK) Industries Co Ltd,1X03GWJT,Hong Kong,,
Dahsing Car Audio Co Ltd,1X0AO1X0,Hong Kong,,
Daily Progress Enterprises Ltd,1X02J2U0,Hong Kong,,
Das Trading Company Limited,1X09NB9U,Hong Kong,,
Dynasty Auto,1X0B3QCI,Hong Kong,,
East World International Ltd,1X02VWHV,Hong Kong,,
Edton Precision Technologies Limited,1X03I5C9,Hong Kong,,
Force Tech Investment Limited,1X037X36,Hong Kong,,
Frontier International Hong Kong Limited,1X09QD9O,Hong Kong,,
Fu Wah Motor Service Co,1X02AYJN,Hong Kong,,
Fung Ming Motors Stereo & Alarm Company,1X0AKRSZ,Hong Kong,,
Future Auto Accessories & Audio Co,1X09KKTJ,Hong Kong,,
